date,open,high,low,close,volume
2026-01-20 14:30:00+00:00,167.625,169.46339416503906,166.24000549316406,167.82000732421875,3280403
2026-01-20 14:40:00+00:00,167.7949981689453,168.77499389648438,166.47999572753906,167.33999633789062,1647028
2026-01-20 14:50:00+00:00,167.30999755859375,168.07989501953125,166.9499969482422,167.3699951171875,927657
2026-01-20 15:00:00+00:00,167.32000732421875,168.6999969482422,167.10000610351562,168.375,813523
2026-01-20 15:10:00+00:00,168.36000061035156,169.28689575195312,168.32000732421875,168.9001007080078,754246
2026-01-20 15:20:00+00:00,168.89999389648438,170.4250030517578,168.72000122070312,170.4250030517578,851421
2026-01-20 15:30:00+00:00,170.39999389648438,170.4149932861328,169.4199981689453,169.5800018310547,577942
2026-01-20 15:40:00+00:00,169.57000732421875,170.17999267578125,169.57000732421875,170.17999267578125,103716
2026-01-20 15:50:00+00:00,169.3000030517578,170.2449951171875,169.27000427246094,170.22320556640625,984234
2026-01-20 16:00:00+00:00,170.23500061035156,171.2198944091797,170.23500061035156,171.0449981689453,644742
2026-01-20 16:10:00+00:00,171.0500030517578,171.8000030517578,171.0070037841797,171.6125030517578,669342
2026-01-20 16:20:00+00:00,171.58999633789062,171.8800048828125,170.72000122070312,171.77499389648438,559472
2026-01-20 16:30:00+00:00,171.75999450683594,171.97000122070312,171.36199951171875,171.88499450683594,492076
2026-01-20 16:40:00+00:00,171.860107421875,171.94000244140625,170.8000030517578,170.99000549316406,464919
2026-01-20 16:50:00+00:00,170.97999572753906,171.1999969482422,170.0800018310547,170.375,700950
2026-01-20 17:00:00+00:00,170.35000610351562,170.97999572753906,170.1649932861328,170.2332000732422,343877
2026-01-20 17:10:00+00:00,170.23500061035156,170.83990478515625,170.1320037841797,170.38499450683594,266486
2026-01-20 17:20:00+00:00,170.3800048828125,170.63999938964844,170.10000610351562,170.625,6560979
2026-01-20 17:30:00+00:00,170.625,170.625,169.9499969482422,170.3350067138672,141538
2026-01-20 17:40:00+00:00,170.34300231933594,170.8000030517578,169.66009521484375,169.7303924560547,341487
2026-01-20 17:50:00+00:00,169.72999572753906,170.49000549316406,169.5800018310547,170.39999389648438,382897
2026-01-20 18:00:00+00:00,170.3300018310547,170.6699981689453,169.63999938964844,169.67999267578125,396639
2026-01-20 18:10:00+00:00,169.69500732421875,170.22999572753906,169.6199951171875,169.87559509277344,315941
2026-01-20 18:20:00+00:00,169.89019775390625,169.92999267578125,169.5800018310547,169.74009704589844,246455
2026-01-20 18:30:00+00:00,169.7449951171875,169.88999938964844,169.0800018310547,169.1300048828125,361331
2026-01-20 18:40:00+00:00,169.14999389648438,169.6199951171875,169.02000427246094,169.47000122070312,347422
2026-01-20 18:50:00+00:00,169.4550018310547,169.46749877929688,168.94000244140625,169.0800018310547,386278
2026-01-20 19:00:00+00:00,169.0800018310547,169.44000244140625,169.02000427246094,169.19000244140625,326264
2026-01-20 19:10:00+00:00,169.16000366210938,169.29989624023438,168.9416046142578,169.10499572753906,211891
2026-01-20 19:20:00+00:00,169.11000061035156,169.17999267578125,168.60000610351562,168.75999450683594,300795
2026-01-20 19:30:00+00:00,168.75999450683594,169.05999755859375,168.3699951171875,169.0,397475
2026-01-20 19:40:00+00:00,169.02000427246094,169.38999938964844,168.82000732421875,169.17999267578125,360848
2026-01-20 19:50:00+00:00,169.16000366210938,169.8000030517578,169.02000427246094,169.71170043945312,340845
2026-01-20 20:00:00+00:00,169.67999267578125,169.6999969482422,169.41000366210938,169.51499938964844,239834
2026-01-20 20:10:00+00:00,169.51499938964844,169.60000610351562,168.9250030517578,169.1300048828125,471828
2026-01-20 20:20:00+00:00,169.14450073242188,169.22999572753906,168.86000061035156,168.9600067138672,355996
2026-01-20 20:30:00+00:00,168.99000549316406,169.27879333496094,168.75,168.94000244140625,428821
2026-01-20 20:40:00+00:00,168.92999267578125,169.08120727539062,168.7899932861328,169.0050048828125,384588
2026-01-20 20:50:00+00:00,168.97999572753906,169.00999450683594,168.3000030517578,168.5800018310547,1119759
2026-01-21 14:30:00+00:00,168.40199279785156,168.92999267578125,166.4499969482422,166.63999938964844,2275898
2026-01-21 14:40:00+00:00,166.63450622558594,167.25,165.6999969482422,167.16000366210938,1263097
2026-01-21 14:50:00+00:00,167.13499450683594,169.35000610351562,166.8300018310547,169.1199951171875,992415
2026-01-21 15:00:00+00:00,169.08999633789062,169.49000549316406,168.31520080566406,168.31520080566406,603004
2026-01-21 15:10:00+00:00,168.3350067138672,169.2899932861328,168.0800018310547,169.14190673828125,722310
2026-01-21 15:20:00+00:00,169.13009643554688,169.3000030517578,168.2100067138672,168.3300018310547,624478
2026-01-21 15:30:00+00:00,168.35000610351562,168.96539306640625,168.16000366210938,168.4550018310547,453181
2026-01-21 15:40:00+00:00,168.45919799804688,168.79510498046875,168.1999969482422,168.42999267578125,392522
2026-01-21 15:50:00+00:00,168.4499969482422,169.3000030517578,168.4499969482422,168.85000610351562,508410
2026-01-21 16:00:00+00:00,168.80999755859375,168.9600067138672,167.47999572753906,167.50999450683594,539050
2026-01-21 16:10:00+00:00,167.5399932861328,167.8000030517578,166.63499450683594,166.9250030517578,765887
2026-01-21 16:20:00+00:00,166.95249938964844,167.1199951171875,166.47999572753906,166.91000366210938,582836
2026-01-21 16:30:00+00:00,166.83999633789062,166.86500549316406,164.8699951171875,164.9499969482422,941087
2026-01-21 16:40:00+00:00,164.97500610351562,165.1199951171875,163.8509979248047,164.02999877929688,1202495
2026-01-21 16:50:00+00:00,164.0850067138672,164.1999969482422,162.7899932861328,163.0,1048428
2026-01-21 17:00:00+00:00,162.97999572753906,163.44940185546875,162.22000122070312,162.42999267578125,1042643
2026-01-21 17:10:00+00:00,162.39999389648438,162.61000061035156,161.5749969482422,162.17999267578125,1018625
2026-01-21 17:20:00+00:00,162.1300048828125,162.1898956298828,161.3000946044922,161.67250061035156,822586
2026-01-21 17:30:00+00:00,161.67999267578125,161.85000610351562,161.1199951171875,161.5500030517578,714168
2026-01-21 17:40:00+00:00,161.5500030517578,161.89990234375,161.11000061035156,161.86000061035156,622651
2026-01-21 17:50:00+00:00,161.875,162.8498992919922,161.72000122070312,162.735595703125,872521
2026-01-21 18:00:00+00:00,162.72999572753906,162.8699951171875,161.8300018310547,162.10000610351562,676634
2026-01-21 18:10:00+00:00,162.10000610351562,162.89999389648438,162.10000610351562,162.23500061035156,448495
2026-01-21 18:20:00+00:00,162.2100067138672,162.81500244140625,161.85000610351562,162.6300048828125,361325
2026-01-21 18:30:00+00:00,162.63009643554688,162.89999389648438,162.00999450683594,162.52000427246094,414120
2026-01-21 18:40:00+00:00,162.6699981689453,163.02000427246094,162.6199951171875,163.0,325122
2026-01-21 18:50:00+00:00,163.01499938964844,163.22000122070312,162.60000610351562,163.0399932861328,395364
2026-01-21 19:00:00+00:00,163.0449981689453,163.1699981689453,162.10000610351562,162.35000610351562,414668
2026-01-21 19:10:00+00:00,162.35000610351562,163.5,162.2899932861328,163.2949981689453,545506
2026-01-21 19:20:00+00:00,163.32989501953125,165.50999450683594,163.0500030517578,165.02499389648438,780814
2026-01-21 19:30:00+00:00,165.05999755859375,166.22000122070312,164.64500427246094,165.44500732421875,1272659
2026-01-21 19:40:00+00:00,165.50999450683594,166.8800048828125,165.25,166.860107421875,961672
2026-01-21 19:50:00+00:00,166.86000061035156,167.75,166.1199951171875,167.46499633789062,860999
2026-01-21 20:00:00+00:00,167.47500610351562,167.60000610351562,166.66000366210938,167.26499938964844,729752
2026-01-21 20:10:00+00:00,167.22999572753906,167.33999633789062,166.47999572753906,166.63499450683594,601120
2026-01-21 20:20:00+00:00,166.63999938964844,166.89999389648438,165.52000427246094,165.55499267578125,826160
2026-01-21 20:30:00+00:00,165.52000427246094,165.8300018310547,164.89999389648438,165.5749969482422,832444
2026-01-21 20:40:00+00:00,165.58999633789062,165.72000122070312,165.1199951171875,165.44000244140625,544963
2026-01-21 20:50:00+00:00,165.4199981689453,165.73599243164062,164.9499969482422,165.39999389648438,1535636
2026-01-22 14:30:00+00:00,167.5749969482422,167.7899932861328,165.25999450683594,166.72999572753906,2610653
2026-01-22 14:40:00+00:00,166.73269653320312,166.97000122070312,165.7675018310547,166.0500030517578,970812
2026-01-22 14:50:00+00:00,166.05239868164062,167.17649841308594,165.61000061035156,165.89439392089844,984737
2026-01-22 15:00:00+00:00,165.92999267578125,166.10000610351562,164.9600067138672,165.6649932861328,1016171
2026-01-22 15:10:00+00:00,165.63499450683594,165.9499969482422,165.0500030517578,165.5449981689453,820799
2026-01-22 15:20:00+00:00,165.52000427246094,166.22000122070312,165.0,165.60000610351562,804349
2026-01-22 15:30:00+00:00,165.6199951171875,166.6273956298828,165.28500366210938,166.47500610351562,634148
2026-01-22 15:40:00+00:00,166.46499633789062,166.83999633789062,166.11000061035156,166.47500610351562,472766
2026-01-22 15:50:00+00:00,166.42999267578125,166.61000061035156,166.0,166.1999969482422,450773
2026-01-22 16:00:00+00:00,166.1699981689453,166.44000244140625,165.9199981689453,166.1649932861328,383244
2026-01-22 16:10:00+00:00,166.1699981689453,166.67999267578125,166.1501007080078,166.29010009765625,387056
2026-01-22 16:20:00+00:00,166.2899932861328,167.02999877929688,166.25,166.6800994873047,368321
2026-01-22 16:30:00+00:00,166.6999969482422,167.15989685058594,166.38999938964844,166.5,476682
2026-01-22 16:40:00+00:00,166.48910522460938,166.75,166.3699951171875,166.48500061035156,426499
2026-01-22 16:50:00+00:00,166.48129272460938,166.5,165.74000549316406,165.76499938964844,400195
2026-01-22 17:00:00+00:00,165.75,166.11500549316406,165.58999633789062,165.90499877929688,332125
2026-01-22 17:10:00+00:00,165.92999267578125,165.9600067138672,165.6199951171875,165.7449951171875,211393
2026-01-22 17:20:00+00:00,165.75,165.77000427246094,165.08999633789062,165.42999267578125,423610
2026-01-22 17:30:00+00:00,165.3905029296875,166.00999450683594,165.3905029296875,165.4499969482422,341920
2026-01-22 17:40:00+00:00,165.47000122070312,165.82000732421875,165.32000732421875,165.56350708007812,246962
2026-01-22 17:50:00+00:00,165.55999755859375,165.89990234375,165.5,165.72999572753906,196491
2026-01-22 18:00:00+00:00,165.64999389648438,166.05990600585938,165.41000366210938,165.89999389648438,325256
2026-01-22 18:10:00+00:00,165.9208984375,165.9208984375,165.35000610351562,165.44000244140625,285580
2026-01-22 18:20:00+00:00,165.47000122070312,165.77999877929688,165.36000061035156,165.47000122070312,246053
2026-01-22 18:30:00+00:00,165.4600067138672,165.9199981689453,165.27999877929688,165.78070068359375,276193
2026-01-22 18:40:00+00:00,165.80999755859375,165.89990234375,165.6199951171875,165.6300048828125,225690
2026-01-22 18:50:00+00:00,165.6199951171875,165.77999877929688,165.2899932861328,165.34500122070312,215351
2026-01-22 19:00:00+00:00,165.35499572753906,165.80999755859375,165.35499572753906,165.6649932861328,257989
2026-01-22 19:10:00+00:00,165.67999267578125,166.0,165.64999389648438,165.97000122070312,213350
2026-01-22 19:20:00+00:00,165.9600067138672,166.05250549316406,165.8699951171875,165.97999572753906,261573
2026-01-22 19:30:00+00:00,165.9600067138672,166.0800018310547,165.77000427246094,165.7899932861328,232030
2026-01-22 19:40:00+00:00,165.80999755859375,165.97000122070312,165.58999633789062,165.68499755859375,226047
2026-01-22 19:50:00+00:00,165.67999267578125,165.91000366210938,165.52499389648438,165.6300048828125,238577
2026-01-22 20:00:00+00:00,165.5800018310547,165.9499969482422,165.3699951171875,165.4871063232422,279389
2026-01-22 20:10:00+00:00,165.49000549316406,165.88999938964844,165.4499969482422,165.86000061035156,205272
2026-01-22 20:20:00+00:00,165.85000610351562,165.88499450683594,165.47999572753906,165.49000549316406,245295
2026-01-22 20:30:00+00:00,165.4600067138672,165.50999450683594,165.07000732421875,165.14990234375,313088
2026-01-22 20:40:00+00:00,165.1300048828125,165.47000122070312,164.97000122070312,165.42999267578125,493147
2026-01-22 20:50:00+00:00,165.47999572753906,165.9199981689453,165.32000732421875,165.88999938964844,852381
2026-01-23 14:30:00+00:00,167.2050018310547,168.75,166.3000030517578,167.35000610351562,2470675
2026-01-23 14:40:00+00:00,167.3594970703125,168.42999267578125,166.9199981689453,167.5399932861328,882139
2026-01-23 14:50:00+00:00,167.52499389648438,168.6199951171875,167.5,168.19000244140625,660564
2026-01-23 15:00:00+00:00,168.25999450683594,169.25509643554688,168.21009826660156,168.75,843036
2026-01-23 15:10:00+00:00,168.72000122070312,169.2100067138672,168.2100067138672,168.22999572753906,591213
2026-01-23 15:20:00+00:00,168.24000549316406,169.0500030517578,167.8000030517578,168.0019989013672,643903
2026-01-23 15:30:00+00:00,168.0,169.4499969482422,167.9949951171875,169.35000610351562,791786
2026-01-23 15:40:00+00:00,169.3300018310547,169.6300048828125,168.93089294433594,169.531005859375,712024
2026-01-23 15:50:00+00:00,169.52999877929688,169.94000244140625,169.24000549316406,169.875,458237
2026-01-23 16:00:00+00:00,169.8887939453125,170.27000427246094,169.58120727539062,169.72000122070312,682613
2026-01-23 16:10:00+00:00,169.74000549316406,170.37989807128906,169.6123046875,170.35000610351562,482777
2026-01-23 16:20:00+00:00,170.34500122070312,170.52000427246094,170.1199951171875,170.34530639648438,473952
2026-01-23 16:30:00+00:00,170.34640502929688,171.16000366210938,170.27999877929688,171.1300048828125,587699
2026-01-23 16:40:00+00:00,171.125,171.35000610351562,170.6199951171875,171.33999633789062,598346
2026-01-23 16:50:00+00:00,171.32000732421875,171.33990478515625,170.75999450683594,170.85499572753906,461930
2026-01-23 17:00:00+00:00,170.86000061035156,171.1300048828125,170.5800018310547,170.95179748535156,372386
2026-01-23 17:10:00+00:00,170.97999572753906,171.5399932861328,170.77999877929688,171.49000549316406,454054
2026-01-23 17:20:00+00:00,171.47000122070312,171.99000549316406,171.22000122070312,171.9149932861328,502935
2026-01-23 17:30:00+00:00,171.9199981689453,171.9199981689453,170.77000427246094,170.86000061035156,486186
2026-01-23 17:40:00+00:00,170.860107421875,170.91000366210938,169.9499969482422,170.25,637364
2026-01-23 17:50:00+00:00,170.2550048828125,170.2866973876953,169.5,169.7949981689453,512560
2026-01-23 18:00:00+00:00,169.75999450683594,170.44000244140625,169.42999267578125,170.42999267578125,436747
2026-01-23 18:10:00+00:00,170.4499969482422,170.6300048828125,170.0500030517578,170.16250610351562,327523
2026-01-23 18:20:00+00:00,170.08999633789062,170.4127960205078,169.9300994873047,170.14999389648438,352759
2026-01-23 18:30:00+00:00,170.16200256347656,170.35650634765625,169.67999267578125,169.97000122070312,224263
2026-01-23 18:40:00+00:00,169.98500061035156,170.19509887695312,169.72500610351562,170.0050048828125,242924
2026-01-23 18:50:00+00:00,170.0,170.34970092773438,169.9199981689453,170.10000610351562,298683
2026-01-23 19:00:00+00:00,170.07000732421875,170.39990234375,169.89999389648438,170.39990234375,183304
2026-01-23 19:10:00+00:00,170.37010192871094,170.38999938964844,169.76010131835938,169.97000122070312,185549
2026-01-23 19:20:00+00:00,169.97999572753906,170.10330200195312,169.58999633789062,169.60499572753906,187401
2026-01-23 19:30:00+00:00,169.60499572753906,169.7899932861328,169.51300048828125,169.60000610351562,205312
2026-01-23 19:40:00+00:00,169.58999633789062,169.7899932861328,169.33999633789062,169.47500610351562,449818
2026-01-23 19:50:00+00:00,169.4600067138672,169.8699951171875,169.41000366210938,169.65989685058594,224818
2026-01-23 20:00:00+00:00,169.66000366210938,169.6699981689453,169.16000366210938,169.16000366210938,294717
2026-01-23 20:10:00+00:00,169.1300048828125,169.64999389648438,168.98500061035156,169.57000732421875,266135
2026-01-23 20:20:00+00:00,169.57000732421875,169.89999389648438,169.43499755859375,169.72999572753906,319339
2026-01-23 20:30:00+00:00,169.72000122070312,169.72999572753906,169.32000732421875,169.41000366210938,260044
2026-01-23 20:40:00+00:00,169.42999267578125,170.28880310058594,169.38999938964844,170.2100067138672,556495
2026-01-23 20:50:00+00:00,170.19000244140625,170.25,169.49400329589844,169.6300048828125,1028320
2026-01-26 14:30:00+00:00,168.2100067138672,170.15060424804688,168.02000427246094,169.55360412597656,1554306
2026-01-26 14:40:00+00:00,169.54420471191406,170.58970642089844,169.27499389648438,169.86459350585938,846161
2026-01-26 14:50:00+00:00,169.8251953125,170.13999938964844,169.71009826660156,170.02000427246094,487430
2026-01-26 15:00:00+00:00,170.02999877929688,170.5500030517578,168.68040466308594,168.7550048828125,642520
2026-01-26 15:10:00+00:00,168.7899932861328,169.69830322265625,168.4801025390625,169.5299072265625,706842
2026-01-26 15:20:00+00:00,169.5800018310547,169.89999389648438,168.8699951171875,169.14999389648438,619291
2026-01-26 15:30:00+00:00,169.1300048828125,169.44000244140625,168.66000366210938,169.1999969482422,369070
2026-01-26 15:40:00+00:00,169.1999969482422,169.1999969482422,168.6199951171875,168.88999938964844,291758
2026-01-26 15:50:00+00:00,168.9149932861328,169.64999389648438,168.88999938964844,169.40870666503906,333800
2026-01-26 16:00:00+00:00,169.38999938964844,169.77549743652344,169.110107421875,169.6392059326172,362470
2026-01-26 16:10:00+00:00,169.61000061035156,169.82000732421875,169.06399536132812,169.22320556640625,307549
2026-01-26 16:20:00+00:00,169.24000549316406,169.64990234375,169.0,169.61000061035156,297770
2026-01-26 16:30:00+00:00,169.60000610351562,170.10000610351562,169.40049743652344,169.5,402143
2026-01-26 16:40:00+00:00,169.47000122070312,169.5,168.74009704589844,169.02999877929688,417759
2026-01-26 16:50:00+00:00,169.02000427246094,169.5500030517578,168.63999938964844,169.5050048828125,372385
2026-01-26 17:00:00+00:00,169.51319885253906,169.6396026611328,169.0500946044922,169.11500549316406,319163
2026-01-26 17:10:00+00:00,169.13999938964844,169.17999267578125,168.75999450683594,169.13499450683594,279150
2026-01-26 17:20:00+00:00,169.14610290527344,169.83999633789062,169.10000610351562,169.63009643554688,311812
2026-01-26 17:30:00+00:00,169.6300048828125,169.71319580078125,169.3800048828125,169.61000061035156,220282
2026-01-26 17:40:00+00:00,169.60499572753906,169.69000244140625,169.27999877929688,169.4600067138672,172119
2026-01-26 17:50:00+00:00,169.4499969482422,169.5,169.0800018310547,169.2449951171875,195048
2026-01-26 18:00:00+00:00,169.22999572753906,169.24000549316406,168.69000244140625,168.75999450683594,383684
2026-01-26 18:10:00+00:00,168.7899932861328,169.25,168.61000061035156,169.10499572753906,253688
2026-01-26 18:20:00+00:00,169.08999633789062,169.22000122070312,168.9001007080078,169.0399932861328,200309
2026-01-26 18:30:00+00:00,169.0449981689453,169.2100067138672,168.42999267578125,168.49000549316406,207700
2026-01-26 18:40:00+00:00,168.47500610351562,168.6697998046875,168.22000122070312,168.44500732421875,277880
2026-01-26 18:50:00+00:00,168.42999267578125,168.60879516601562,168.27999877929688,168.33999633789062,205222
2026-01-26 19:00:00+00:00,168.3300018310547,168.6999053955078,168.30999755859375,168.41000366210938,213628
2026-01-26 19:10:00+00:00,168.40499877929688,168.61000061035156,168.0706024169922,168.22999572753906,215338
2026-01-26 19:20:00+00:00,168.19500732421875,168.2449951171875,167.9600067138672,168.08360290527344,233237
2026-01-26 19:30:00+00:00,168.0800018310547,168.47000122070312,167.97000122070312,168.2899932861328,183128
2026-01-26 19:40:00+00:00,168.27999877929688,168.3699951171875,167.6999969482422,167.7899932861328,226770
2026-01-26 19:50:00+00:00,167.7899932861328,167.83999633789062,167.42999267578125,167.63499450683594,255162
2026-01-26 20:00:00+00:00,167.63999938964844,167.92160034179688,167.40679931640625,167.8000030517578,208034
2026-01-26 20:10:00+00:00,167.7949981689453,167.86000061035156,167.6199951171875,167.83999633789062,205140
2026-01-26 20:20:00+00:00,167.83999633789062,168.24000549316406,167.7899932861328,168.16949462890625,312126
2026-01-26 20:30:00+00:00,168.17999267578125,168.36000061035156,168.1300048828125,168.1580047607422,290928
2026-01-26 20:40:00+00:00,168.1501007080078,168.3300018310547,168.0301055908203,168.1199951171875,281220
2026-01-26 20:50:00+00:00,168.11000061035156,168.11000061035156,167.3249969482422,167.47000122070312,979630
2026-01-27 14:30:00+00:00,167.44000244140625,168.17999267578125,166.16000366210938,166.60000610351562,1478630
2026-01-27 14:40:00+00:00,166.58009338378906,167.42990112304688,165.85000610351562,166.05499267578125,840107
2026-01-27 14:50:00+00:00,166.05999755859375,167.77000427246094,166.02999877929688,167.57000732421875,728621
2026-01-27 15:00:00+00:00,167.60000610351562,168.99000549316406,167.3101043701172,168.96499633789062,765706
2026-01-27 15:10:00+00:00,169.0,169.3699951171875,168.39010620117188,169.13600158691406,764326
2026-01-27 15:20:00+00:00,169.16000366210938,169.44000244140625,168.25,168.30059814453125,569378
2026-01-27 15:30:00+00:00,168.281005859375,168.50999450683594,167.87010192871094,168.07000732421875,463477
2026-01-27 15:40:00+00:00,168.0782928466797,168.14999389648438,167.7100067138672,167.7899932861328,514745
2026-01-27 15:50:00+00:00,167.77499389648438,167.7899932861328,167.0500030517578,167.4250030517578,576327
2026-01-27 16:00:00+00:00,167.41000366210938,167.65499877929688,167.10000610351562,167.36000061035156,357427
2026-01-27 16:10:00+00:00,167.36500549316406,167.89990234375,167.2946014404297,167.72999572753906,313206
2026-01-27 16:20:00+00:00,167.74000549316406,167.99000549316406,167.3300018310547,167.3800048828125,313429
2026-01-27 16:30:00+00:00,167.3800048828125,167.6699981689453,167.2700958251953,167.35000610351562,267945
2026-01-27 16:40:00+00:00,167.33999633789062,167.86000061035156,167.3300018310547,167.60000610351562,226197
2026-01-27 16:50:00+00:00,167.6300048828125,167.64999389648438,166.89999389648438,166.9499969482422,330693
2026-01-27 17:00:00+00:00,166.94000244140625,166.9698944091797,166.41000366210938,166.5,370657
2026-01-27 17:10:00+00:00,166.49000549316406,166.52000427246094,165.94000244140625,166.09500122070312,374666
2026-01-27 17:20:00+00:00,166.09500122070312,166.9600067138672,166.02000427246094,166.88499450683594,474029
2026-01-27 17:30:00+00:00,166.89999389648438,166.92999267578125,166.49009704589844,166.66000366210938,262094
2026-01-27 17:40:00+00:00,166.6699981689453,166.89999389648438,166.24000549316406,166.42999267578125,263164
2026-01-27 17:50:00+00:00,166.4199981689453,166.5,166.05999755859375,166.1259002685547,224944
2026-01-27 18:00:00+00:00,166.14999389648438,166.55999755859375,166.1300048828125,166.55999755859375,312994
2026-01-27 18:10:00+00:00,166.5800018310547,166.94000244140625,166.5402069091797,166.5500030517578,233870
2026-01-27 18:20:00+00:00,166.5500030517578,166.5825958251953,166.25,166.3300018310547,227989
2026-01-27 18:30:00+00:00,166.35000610351562,166.66990661621094,166.22999572753906,166.32090759277344,201595
2026-01-27 18:40:00+00:00,166.32000732421875,166.52000427246094,166.22999572753906,166.3699951171875,161539
2026-01-27 18:50:00+00:00,166.39999389648438,166.63999938964844,166.27000427246094,166.41000366210938,163078
2026-01-27 19:00:00+00:00,166.39999389648438,166.5800018310547,166.27000427246094,166.34500122070312,190543
2026-01-27 19:10:00+00:00,166.3300018310547,166.4499969482422,166.1699981689453,166.30499267578125,241288
2026-01-27 19:20:00+00:00,166.3000030517578,166.3000030517578,164.9600067138672,165.24000549316406,994191
2026-01-27 19:30:00+00:00,165.24000549316406,165.77499389648438,165.1199951171875,165.4550018310547,482532
2026-01-27 19:40:00+00:00,165.45880126953125,165.50999450683594,165.17999267578125,165.3000030517578,436946
2026-01-27 19:50:00+00:00,165.3000030517578,165.52999877929688,165.11000061035156,165.41000366210938,384178
2026-01-27 20:00:00+00:00,165.39999389648438,165.4199981689453,164.8000030517578,164.92999267578125,530493
2026-01-27 20:10:00+00:00,164.94000244140625,165.13999938964844,164.86669921875,165.0,447218
2026-01-27 20:20:00+00:00,165.00999450683594,165.24200439453125,164.89999389648438,164.92999267578125,574397
2026-01-27 20:30:00+00:00,164.92999267578125,165.02000427246094,164.69000244140625,164.9998016357422,654134
2026-01-27 20:40:00+00:00,164.99000549316406,165.18499755859375,164.9199981689453,164.99000549316406,515762
2026-01-27 20:50:00+00:00,164.97000122070312,165.8000030517578,164.92999267578125,165.7100067138672,1031517
2026-01-28 14:30:00+00:00,164.42999267578125,165.0399932861328,162.0,162.78500366210938,2476473
2026-01-28 14:40:00+00:00,162.75999450683594,163.1199951171875,162.0800018310547,162.48350524902344,1068390
2026-01-28 14:50:00+00:00,162.4600067138672,164.22000122070312,162.4499969482422,163.88999938964844,1013129
2026-01-28 15:00:00+00:00,163.8699951171875,164.07989501953125,162.9199981689453,163.0301055908203,909013
2026-01-28 15:10:00+00:00,163.05499267578125,163.24000549316406,162.44189453125,162.64500427246094,728325
2026-01-28 15:20:00+00:00,162.63999938964844,163.36000061035156,162.60989379882812,163.0,579147
2026-01-28 15:30:00+00:00,163.0189971923828,163.22999572753906,162.5800018310547,163.08999633789062,406645
2026-01-28 15:40:00+00:00,163.08990478515625,163.11000061035156,162.02999877929688,162.28939819335938,687834
2026-01-28 15:50:00+00:00,162.28500366210938,162.50999450683594,161.94000244140625,162.2899932861328,574613
2026-01-28 16:00:00+00:00,162.28500366210938,162.58999633789062,162.1300048828125,162.40499877929688,389751
2026-01-28 16:10:00+00:00,162.41000366210938,162.72000122070312,162.1199951171875,162.5500946044922,401468
2026-01-28 16:20:00+00:00,162.5800018310547,162.9600067138672,162.41000366210938,162.85009765625,401370
2026-01-28 16:30:00+00:00,162.82000732421875,162.82000732421875,161.7700958251953,161.78500366210938,1371571
2026-01-28 16:40:00+00:00,161.77000427246094,161.86000061035156,161.3820037841797,161.7801055908203,633741
2026-01-28 16:50:00+00:00,161.7899932861328,161.8000030517578,160.63099670410156,160.63999938964844,831336
2026-01-28 17:00:00+00:00,160.64639282226562,161.0800018310547,160.36000061035156,160.8249969482422,589253
2026-01-28 17:10:00+00:00,160.83999633789062,161.02259826660156,160.5749969482422,160.70989990234375,478843
2026-01-28 17:20:00+00:00,160.70159912109375,160.72000122070312,159.66000366210938,159.6999969482422,1129551
2026-01-28 17:30:00+00:00,159.6999969482422,159.6999969482422,158.67999267578125,158.75250244140625,1131580
2026-01-28 17:40:00+00:00,158.7899932861328,159.0,158.5,158.76499938964844,937159
2026-01-28 17:50:00+00:00,158.77999877929688,159.71890258789062,158.77000427246094,159.22000122070312,816584
2026-01-28 18:00:00+00:00,159.22259521484375,159.9199981689453,159.0500030517578,159.4199981689453,468039
2026-01-28 18:10:00+00:00,159.42010498046875,160.04989624023438,159.3000030517578,159.6300048828125,453777
2026-01-28 18:20:00+00:00,159.64889526367188,159.77999877929688,158.97000122070312,159.4499969482422,473279
2026-01-28 18:30:00+00:00,159.4499969482422,159.67990112304688,159.2100067138672,159.36000061035156,400504
2026-01-28 18:40:00+00:00,159.3699951171875,159.75,159.16000366210938,159.25999450683594,409957
2026-01-28 18:50:00+00:00,159.25,159.80999755859375,159.1999969482422,159.44259643554688,321886
2026-01-28 19:00:00+00:00,159.42999267578125,159.86920166015625,158.86000061035156,158.86680603027344,475858
2026-01-28 19:10:00+00:00,158.89999389648438,159.6300048828125,158.75,159.5800018310547,459871
2026-01-28 19:20:00+00:00,159.63999938964844,159.82949829101562,158.5399932861328,158.6300048828125,498507
2026-01-28 19:30:00+00:00,158.6199951171875,159.75999450683594,158.39999389648438,159.34500122070312,758586
2026-01-28 19:40:00+00:00,159.35000610351562,159.55999755859375,158.9600067138672,159.1999969482422,528481
2026-01-28 19:50:00+00:00,159.19000244140625,159.5800018310547,158.89999389648438,158.91000366210938,396550
2026-01-28 20:00:00+00:00,158.89999389648438,159.4600067138672,158.860107421875,159.27999877929688,490593
2026-01-28 20:10:00+00:00,159.25999450683594,159.32009887695312,158.88999938964844,158.9600067138672,422692
2026-01-28 20:20:00+00:00,158.9550018310547,159.08999633789062,158.44000244140625,158.5449981689453,559754
2026-01-28 20:30:00+00:00,158.5399932861328,158.8000030517578,158.1300048828125,158.5800018310547,690349
2026-01-28 20:40:00+00:00,158.56500244140625,158.69000244140625,158.35000610351562,158.57249450683594,642521
2026-01-28 20:50:00+00:00,158.5500030517578,158.57000732421875,157.27000427246094,157.35000610351562,2843184
2026-01-29 14:30:00+00:00,157.6300048828125,157.6300048828125,151.7899932861328,152.54010009765625,4380075
2026-01-29 14:40:00+00:00,152.52000427246094,152.7899932861328,151.02000427246094,152.1707000732422,2692900
2026-01-29 14:50:00+00:00,152.1699981689453,152.37989807128906,149.44009399414062,149.69039916992188,2553678
2026-01-29 15:00:00+00:00,149.69000244140625,149.8000030517578,148.66200256347656,149.00999450683594,2424219
2026-01-29 15:10:00+00:00,149.0,149.0718994140625,147.67010498046875,148.71499633789062,2737564
2026-01-29 15:20:00+00:00,148.74000549316406,149.61000061035156,148.5500030517578,148.7899932861328,1848363
2026-01-29 15:30:00+00:00,148.77999877929688,148.98680114746094,147.5,148.04010009765625,1611881
2026-01-29 15:40:00+00:00,148.0500946044922,148.31300354003906,147.1875,147.58999633789062,1277773
2026-01-29 15:50:00+00:00,147.5800018310547,148.6649932861328,147.1199951171875,148.22000122070312,1259567
2026-01-29 16:00:00+00:00,148.2100067138672,149.35000610351562,148.14999389648438,149.01010131835938,1175719
2026-01-29 16:10:00+00:00,148.9600067138672,150.0800018310547,148.6699981689453,149.8800048828125,1535128
2026-01-29 16:20:00+00:00,149.91000366210938,150.49000549316406,149.66000366210938,150.11000061035156,1273625
2026-01-29 16:30:00+00:00,150.10000610351562,150.27000427246094,149.2100067138672,149.67999267578125,831790
2026-01-29 16:40:00+00:00,149.64999389648438,150.50970458984375,149.63999938964844,150.09140014648438,752949
2026-01-29 16:50:00+00:00,150.10000610351562,150.2050018310547,149.58090209960938,150.02999877929688,534767
2026-01-29 17:00:00+00:00,150.01499938964844,150.3000030517578,149.75,149.92999267578125,502606
2026-01-29 17:10:00+00:00,149.9149932861328,150.65960693359375,149.86000061035156,150.62649536132812,751582
2026-01-29 17:20:00+00:00,150.6300048828125,151.0800018310547,150.42999267578125,150.75,830364
2026-01-29 17:30:00+00:00,150.72000122070312,150.98959350585938,150.61000061035156,150.8000030517578,516448
2026-01-29 17:40:00+00:00,150.7899932861328,150.80999755859375,150.1199951171875,150.64999389648438,487472
2026-01-29 17:50:00+00:00,150.6300048828125,150.656494140625,150.110107421875,150.5500030517578,473529
2026-01-29 18:00:00+00:00,150.55999755859375,151.11000061035156,150.32000732421875,150.74000549316406,438421
2026-01-29 18:10:00+00:00,150.72999572753906,150.8800048828125,150.33999633789062,150.3975067138672,374865
2026-01-29 18:20:00+00:00,150.4199981689453,150.72999572753906,150.1199951171875,150.58999633789062,410466
2026-01-29 18:30:00+00:00,150.60499572753906,150.82260131835938,150.14999389648438,150.81500244140625,338002
2026-01-29 18:40:00+00:00,150.80999755859375,151.02499389648438,150.44000244140625,150.72000122070312,383970
2026-01-29 18:50:00+00:00,150.72999572753906,150.9199981689453,150.30999755859375,150.33009338378906,375119
2026-01-29 19:00:00+00:00,150.32000732421875,150.52000427246094,149.85000610351562,150.17999267578125,509761
2026-01-29 19:10:00+00:00,150.17999267578125,150.55999755859375,150.0312957763672,150.35000610351562,361331
2026-01-29 19:20:00+00:00,150.35000610351562,150.3800048828125,149.8000030517578,149.9084014892578,342219
2026-01-29 19:30:00+00:00,149.88999938964844,150.02999877929688,149.3800048828125,149.64990234375,499115
2026-01-29 19:40:00+00:00,149.69000244140625,149.82000732421875,149.50999450683594,149.61500549316406,369804
2026-01-29 19:50:00+00:00,149.61000061035156,149.77000427246094,149.27999877929688,149.52000427246094,394734
2026-01-29 20:00:00+00:00,149.66000366210938,149.76510620117188,149.3800048828125,149.44000244140625,459850
2026-01-29 20:10:00+00:00,149.4499969482422,150.11880493164062,149.32000732421875,149.8249969482422,571508
2026-01-29 20:20:00+00:00,149.80999755859375,149.83999633789062,148.9600067138672,149.02999877929688,564688
2026-01-29 20:30:00+00:00,149.02999877929688,150.73500061035156,148.9600067138672,150.69000244140625,702044
2026-01-29 20:40:00+00:00,150.69000244140625,151.16000366210938,150.4499969482422,150.8509979248047,977587
2026-01-29 20:50:00+00:00,150.8800048828125,151.97999572753906,150.8800048828125,151.92999267578125,15429711
2026-01-30 14:30:00+00:00,150.16000366210938,151.0,148.8699951171875,150.06500244140625,3161738
2026-01-30 14:40:00+00:00,150.08999633789062,150.1699981689453,148.14999389648438,148.49000549316406,1243126
2026-01-30 14:50:00+00:00,148.50999450683594,148.83999633789062,147.4300994873047,147.7799072265625,1253156
2026-01-30 15:00:00+00:00,147.75,148.77000427246094,147.5,148.42379760742188,1143689
2026-01-30 15:10:00+00:00,148.41009521484375,149.41250610351562,147.91000366210938,149.2899932861328,1161538
2026-01-30 15:20:00+00:00,149.30999755859375,149.62989807128906,148.3300018310547,148.63999938964844,701726
2026-01-30 15:30:00+00:00,148.63999938964844,149.17999267578125,148.52999877929688,149.07110595703125,416042
2026-02-02 19:00:00+00:00,148.6199951171875,148.77999877929688,148.2899932861328,148.7799072265625,24044950
2026-02-02 19:10:00+00:00,148.77999877929688,148.9884033203125,148.64700317382812,148.77000427246094,603375
2026-02-02 19:20:00+00:00,148.75999450683594,149.05999755859375,148.7200927734375,148.85000610351562,591386
2026-02-02 19:30:00+00:00,148.84500122070312,148.9199981689453,148.3800048828125,148.44000244140625,655622
2026-02-02 19:40:00+00:00,148.4499969482422,148.50999450683594,147.9199981689453,147.92999267578125,805071
2026-02-02 19:50:00+00:00,147.92320251464844,148.49000549316406,147.3000030517578,147.3000030517578,1139587
2026-02-02 20:00:00+00:00,147.2899932861328,148.14999389648438,146.8800048828125,148.13999938964844,1220569
2026-02-02 20:10:00+00:00,148.1300048828125,148.39990234375,147.6699981689453,148.19009399414062,1029703
2026-02-02 20:20:00+00:00,148.1999053955078,148.36680603027344,146.65499877929688,146.72000122070312,1414708
2026-02-02 20:30:00+00:00,146.7100067138672,147.92999267578125,146.7050018310547,147.77000427246094,1394657
2026-02-02 20:40:00+00:00,147.77000427246094,148.11000061035156,147.5500030517578,148.0500030517578,1409854
2026-02-02 20:50:00+00:00,148.0399932861328,148.4600067138672,147.40499877929688,147.74000549316406,2966299
2026-02-03 14:30:00+00:00,165.02999877929688,165.0780029296875,157.1999969482422,157.6490020751953,13374806
2026-02-03 14:40:00+00:00,157.639892578125,159.0,155.5,157.34500122070312,5306166
2026-02-03 14:50:00+00:00,157.30999755859375,157.38999938964844,154.4499969482422,154.50999450683594,4257843
2026-02-03 15:00:00+00:00,154.5399932861328,157.25,154.25999450683594,157.22999572753906,3417585
2026-02-03 15:10:00+00:00,157.25999450683594,157.91000366210938,155.08999633789062,155.16180419921875,3361133
2026-02-03 15:20:00+00:00,155.19000244140625,156.72999572753906,155.13999938964844,155.94500732421875,2173998
2026-02-03 15:30:00+00:00,155.97000122070312,157.9799041748047,155.85130310058594,157.65989685058594,2207712
2026-02-03 15:40:00+00:00,157.5500030517578,157.85000610351562,155.6199951171875,156.05999755859375,1655707
2026-02-03 15:50:00+00:00,156.01499938964844,156.77999877929688,153.86500549316406,154.75,2297760
2026-02-03 16:00:00+00:00,154.7449951171875,154.8000030517578,153.69000244140625,154.3699951171875,1950364
2026-02-03 16:10:00+00:00,154.36500549316406,155.5800018310547,153.97000122070312,154.1699981689453,1425820
2026-02-03 16:20:00+00:00,154.1002960205078,154.4149932861328,153.1199951171875,153.9600067138672,1580685
2026-02-03 16:30:00+00:00,153.97999572753906,154.99000549316406,153.3419952392578,153.67999267578125,1462022
2026-02-03 16:40:00+00:00,153.65499877929688,155.19000244140625,153.63999938964844,155.07000732421875,1116980
2026-02-03 16:50:00+00:00,155.0500030517578,156.531005859375,154.56480407714844,156.5299072265625,1626146
2026-02-03 17:00:00+00:00,156.52999877929688,158.4199981689453,156.14999389648438,158.2899932861328,2369952
2026-02-03 17:10:00+00:00,158.29249572753906,158.41990661621094,156.9199981689453,157.25,1626122
2026-02-03 17:20:00+00:00,157.25900268554688,159.60000610351562,157.22000122070312,158.0850067138672,2395558
2026-02-03 17:30:00+00:00,158.05999755859375,158.14999389648438,157.2100067138672,157.86000061035156,1389160
2026-02-03 17:40:00+00:00,157.84500122070312,159.80999755859375,157.52259826660156,159.6999969482422,1767139
2026-02-03 17:50:00+00:00,159.6999969482422,159.8000030517578,157.92999267578125,158.0500030517578,1543158
2026-02-03 18:00:00+00:00,158.0399932861328,158.4600067138672,157.3699951171875,158.2899932861328,1219576
2026-02-03 18:10:00+00:00,158.31500244140625,159.13999938964844,158.02000427246094,158.0449981689453,1266544
2026-02-03 18:20:00+00:00,158.02000427246094,158.17010498046875,156.99000549316406,157.6199951171875,1320230
2026-02-03 18:30:00+00:00,157.57000732421875,157.9600067138672,156.99000549316406,157.3699951171875,1021369
2026-02-03 18:40:00+00:00,157.36000061035156,157.5800018310547,156.6199951171875,156.78500366210938,1128070
2026-02-03 18:50:00+00:00,156.77999877929688,157.0,156.00999450683594,156.03250122070312,1015610
2026-02-03 19:00:00+00:00,156.02999877929688,156.4199981689453,155.4149932861328,155.80599975585938,1199177
2026-02-03 19:10:00+00:00,155.81500244140625,157.83999633789062,155.72000122070312,157.6699981689453,1375465
2026-02-03 19:20:00+00:00,157.6699981689453,158.0,156.1199951171875,156.8957977294922,1175449
2026-02-03 19:30:00+00:00,156.94000244140625,157.22999572753906,156.1999969482422,156.3415985107422,779470
2026-02-03 19:40:00+00:00,156.35000610351562,156.9149932861328,155.83999633789062,156.77000427246094,949453
2026-02-03 19:50:00+00:00,156.75999450683594,157.07000732421875,156.0,156.03250122070312,1005820
2026-02-03 20:00:00+00:00,156.0500030517578,156.6199951171875,155.35000610351562,156.06500244140625,1054245
2026-02-03 20:10:00+00:00,156.05999755859375,157.26499938964844,156.01010131835938,156.8699951171875,1042388
2026-02-03 20:20:00+00:00,156.86500549316406,157.0679931640625,155.91700744628906,156.0,854548
2026-02-03 20:30:00+00:00,155.99000549316406,157.7299041748047,155.92999267578125,157.50999450683594,1123158
2026-02-03 20:40:00+00:00,157.50999450683594,157.7299041748047,156.88999938964844,157.09500122070312,1101321
2026-02-03 20:50:00+00:00,157.16000366210938,158.3000030517578,157.14999389648438,157.8699951171875,2638848
2026-02-04 14:30:00+00:00,155.36500549316406,155.85000610351562,149.0800018310547,149.75999450683594,5413923
2026-02-04 14:40:00+00:00,149.77000427246094,150.44000244140625,146.75,146.8699951171875,3016000
2026-02-04 14:50:00+00:00,146.8800048828125,147.16000366210938,143.1999969482422,143.30999755859375,4248222
2026-02-04 15:00:00+00:00,143.2899932861328,143.32339477539062,142.0,142.60009765625,4843819
2026-02-04 15:10:00+00:00,142.6699981689453,143.64999389648438,141.00999450683594,141.3300018310547,4885220
2026-02-04 15:20:00+00:00,141.35000610351562,144.5800018310547,141.33999633789062,144.23399353027344,3638003
2026-02-04 15:30:00+00:00,144.1999969482422,144.36990356445312,140.82000732421875,142.27000427246094,2866209
2026-02-04 15:40:00+00:00,142.2899932861328,143.39999389648438,141.6999969482422,142.3199005126953,1934661
2026-02-04 15:50:00+00:00,142.30999755859375,142.74000549316406,140.64999389648438,141.4949951171875,1881101
2026-02-04 16:00:00+00:00,141.47999572753906,141.72000122070312,139.5800018310547,140.10000610351562,2411349
2026-02-04 16:10:00+00:00,140.14999389648438,141.2899932861328,139.35000610351562,139.42010498046875,1826974
2026-02-04 16:20:00+00:00,139.41000366210938,141.139892578125,139.13999938964844,140.8179931640625,1869153
2026-02-04 16:30:00+00:00,140.7899932861328,140.88999938964844,138.9499969482422,138.97000122070312,1715385
2026-02-04 16:40:00+00:00,138.96499633789062,138.97999572753906,137.7259979248047,137.7700958251953,2191098
2026-02-04 16:50:00+00:00,137.8000030517578,139.42999267578125,137.65150451660156,139.25,1681265
2026-02-04 17:00:00+00:00,139.2382049560547,139.61619567871094,138.5500030517578,138.66000366210938,1227713
2026-02-04 17:10:00+00:00,138.65499877929688,139.10000610351562,138.0,138.02000427246094,1264655
2026-02-04 17:20:00+00:00,138.02000427246094,138.2100067138672,136.8007049560547,136.94500732421875,1595674
2026-02-04 17:30:00+00:00,136.92999267578125,137.46200561523438,135.91000366210938,136.1199951171875,1741292
2026-02-04 17:40:00+00:00,136.11000061035156,136.67999267578125,135.8000030517578,136.10000610351562,1554377
2026-02-04 17:50:00+00:00,136.05999755859375,137.4199981689453,135.75010681152344,137.1199951171875,1468208
2026-02-04 18:00:00+00:00,137.1199951171875,137.5800018310547,136.32000732421875,136.92999267578125,1336784
2026-02-04 18:10:00+00:00,136.91000366210938,137.55999755859375,136.89999389648438,137.06500244140625,1020531
2026-02-04 18:20:00+00:00,137.0800018310547,138.27000427246094,136.67999267578125,138.16000366210938,1479134
2026-02-04 18:30:00+00:00,138.16299438476562,138.1750030517578,136.32000732421875,136.52890014648438,1450914
2026-02-04 18:40:00+00:00,136.52000427246094,136.85000610351562,136.00010681152344,136.0500030517578,967379
2026-02-04 18:50:00+00:00,136.02000427246094,137.47999572753906,135.67999267578125,137.11000061035156,1171405
2026-02-04 19:00:00+00:00,137.1300048828125,137.27000427246094,136.3699951171875,136.81500244140625,924408
2026-02-04 19:10:00+00:00,136.8300018310547,137.5800018310547,136.69000244140625,137.24989318847656,935825
2026-02-04 19:20:00+00:00,137.24000549316406,137.57000732421875,136.5800018310547,137.35000610351562,952627
2026-02-04 19:30:00+00:00,137.33999633789062,138.1699981689453,137.26890563964844,137.7093963623047,1328061
2026-02-04 19:40:00+00:00,137.74009704589844,138.91000366210938,137.66009521484375,138.4600067138672,1534803
2026-02-04 19:50:00+00:00,138.4600067138672,140.1300048828125,138.1800994873047,139.94500732421875,1695101
2026-02-04 20:00:00+00:00,139.92999267578125,140.17999267578125,138.64999389648438,139.27000427246094,1481562
2026-02-04 20:10:00+00:00,139.2899932861328,139.38999938964844,137.92999267578125,138.05999755859375,1360832
2026-02-04 20:20:00+00:00,138.0200958251953,138.30999755859375,137.50999450683594,138.0399932861328,1374888
2026-02-04 20:30:00+00:00,138.0500030517578,138.5399932861328,137.44000244140625,138.19000244140625,1466215
2026-02-04 20:40:00+00:00,138.1999969482422,138.75,137.95010375976562,138.5800018310547,24191820
2026-02-04 20:50:00+00:00,138.58999633789062,139.8249969482422,138.44000244140625,139.50999450683594,3655318
2026-02-05 14:30:00+00:00,136.86000061035156,137.97999572753906,135.0,135.41000366210938,5496011
2026-02-05 14:40:00+00:00,135.55499267578125,136.16000366210938,134.37010192871094,135.02999877929688,2282407
2026-02-05 14:50:00+00:00,135.02000427246094,135.47000122070312,132.6374969482422,132.88999938964844,2281954
2026-02-05 15:00:00+00:00,132.82000732421875,133.1699981689453,131.1999969482422,131.3076934814453,2538253
2026-02-05 15:10:00+00:00,131.3000030517578,131.58999633789062,129.36500549316406,130.1199951171875,3486973
2026-02-05 15:20:00+00:00,130.14999389648438,130.5500030517578,128.92999267578125,129.25,3245364
2026-02-05 15:30:00+00:00,129.27000427246094,130.22000122070312,128.6750030517578,130.0749969482422,2237563
2026-02-05 15:40:00+00:00,130.07000732421875,131.22300720214844,129.61000061035156,129.9600067138672,1901249
2026-02-05 15:50:00+00:00,129.97000122070312,130.3000030517578,129.1300048828125,129.52999877929688,1503750
2026-02-05 16:00:00+00:00,129.55999755859375,129.6199951171875,128.32000732421875,128.50999450683594,1732947
2026-02-05 16:10:00+00:00,128.49000549316406,129.9600067138672,128.35009765625,129.9199981689453,1447119
2026-02-05 16:20:00+00:00,129.9149932861328,132.6898956298828,129.89999389648438,132.6699981689453,2289674
2026-02-05 16:30:00+00:00,132.69000244140625,133.02000427246094,131.77000427246094,132.02000427246094,1967322
2026-02-05 16:40:00+00:00,132.0496063232422,132.4398956298828,130.6999969482422,131.31500244140625,1329242
2026-02-05 16:50:00+00:00,131.34109497070312,132.4799041748047,131.2100067138672,132.4799041748047,1015097
2026-02-05 17:00:00+00:00,132.47999572753906,132.5399932861328,131.08999633789062,131.25999450683594,1006891
2026-02-05 17:10:00+00:00,131.25999450683594,132.8800048828125,131.0469970703125,132.54139709472656,1215546
2026-02-05 17:20:00+00:00,132.50999450683594,133.63949584960938,131.71009826660156,133.02999877929688,1278308
2026-02-05 17:30:00+00:00,133.05499267578125,133.8000030517578,132.92999267578125,133.45880126953125,849699
2026-02-05 17:40:00+00:00,133.44500732421875,133.72999572753906,132.47000122070312,132.52000427246094,888689
2026-02-05 17:50:00+00:00,132.50010681152344,132.9199981689453,131.64010620117188,131.77000427246094,896803
2026-02-05 18:00:00+00:00,131.75,132.7631072998047,131.61099243164062,132.01499938964844,842003
2026-02-05 18:10:00+00:00,132.00999450683594,132.55999755859375,131.82000732421875,132.40499877929688,702614
2026-02-05 18:20:00+00:00,132.375,132.7198944091797,131.61000061035156,132.00999450683594,721680
2026-02-05 18:30:00+00:00,132.02000427246094,132.32989501953125,131.02830505371094,131.05499267578125,862662
2026-02-05 18:40:00+00:00,131.05499267578125,131.22000122070312,130.61000061035156,130.8209991455078,732612
2026-02-05 18:50:00+00:00,130.8000030517578,131.72000122070312,130.41009521484375,131.69000244140625,996138
2026-02-05 19:00:00+00:00,131.67999267578125,132.0,130.9001007080078,131.17999267578125,986322
2026-02-05 19:10:00+00:00,131.17999267578125,131.94000244140625,131.13909912109375,131.8199005126953,936605
2026-02-05 19:20:00+00:00,131.80999755859375,131.89109802246094,130.6699981689453,130.67999267578125,789640
2026-02-05 19:30:00+00:00,130.6999969482422,130.72390747070312,129.66000366210938,130.35000610351562,1059028
2026-02-05 19:40:00+00:00,130.3699951171875,130.735107421875,129.88999938964844,130.0749969482422,924445
2026-02-05 19:50:00+00:00,130.07000732421875,130.48880004882812,129.7100067138672,130.32009887695312,948763
2026-02-05 20:00:00+00:00,130.33999633789062,131.4199981689453,129.92999267578125,131.32989501953125,897824
2026-02-05 20:10:00+00:00,131.32000732421875,131.44000244140625,129.69000244140625,129.75,1091457
2026-02-05 20:20:00+00:00,129.75,129.82000732421875,128.8249969482422,128.93499755859375,1241310
2026-02-05 20:30:00+00:00,128.9311981201172,129.3249969482422,128.64999389648438,129.32000732421875,1154351
2026-02-05 20:40:00+00:00,129.33999633789062,129.8699951171875,128.6699981689453,128.7449951171875,1460348
2026-02-05 20:50:00+00:00,128.77999877929688,130.34500122070312,128.63999938964844,129.97999572753906,3194688
2026-02-06 14:30:00+00:00,135.4600067138672,135.4600067138672,132.35000610351562,134.9250030517578,7533586
2026-02-06 14:40:00+00:00,134.93899536132812,135.25999450683594,133.53269958496094,134.7899932861328,1912263
2026-02-06 14:50:00+00:00,134.8699951171875,135.22000122070312,132.64999389648438,132.99000549316406,1857559
2026-02-06 15:00:00+00:00,133.08250427246094,133.75,132.38999938964844,133.2949981689453,1383579
2026-02-06 15:10:00+00:00,133.375,134.64999389648438,132.8800048828125,134.24000549316406,1370190
2026-02-06 15:20:00+00:00,134.25,134.80999755859375,133.3699951171875,134.6999969482422,1234664
2026-02-06 15:30:00+00:00,134.69000244140625,135.10000610351562,134.1649932861328,134.3699951171875,1380365
2026-02-06 15:40:00+00:00,134.08999633789062,134.3498992919922,133.66000366210938,133.8885040283203,551530
2026-02-06 15:50:00+00:00,133.86500549316406,134.4550018310547,133.82009887695312,134.40379333496094,1595396
2026-02-06 16:00:00+00:00,134.40499877929688,135.1999969482422,134.25999450683594,134.94000244140625,726831
2026-02-06 16:10:00+00:00,136.5782012939453,136.61000061035156,136.1699981689453,136.25,1889043
2026-02-06 16:20:00+00:00,136.49000549316406,136.86000061035156,136.22500610351562,136.30990600585938,1087930
2026-02-06 16:30:00+00:00,136.27999877929688,137.68710327148438,136.22999572753906,137.02499389648438,1317706
2026-02-06 16:40:00+00:00,137.02999877929688,137.35000610351562,136.57000732421875,136.9199981689453,972948
2026-02-06 16:50:00+00:00,136.96400451660156,136.97999572753906,135.25709533691406,135.38999938964844,988955
2026-02-06 17:00:00+00:00,135.38999938964844,136.55859375,135.00999450683594,136.4600067138672,1102811
2026-02-06 17:10:00+00:00,136.4600067138672,136.7899932861328,136.1999969482422,136.5800018310547,671503
2026-02-06 17:20:00+00:00,136.61000061035156,136.61000061035156,135.9499969482422,136.30999755859375,693893
2026-02-06 17:30:00+00:00,136.3000030517578,136.88999938964844,136.10000610351562,136.23500061035156,732591
2026-02-06 17:40:00+00:00,136.22000122070312,136.6199951171875,136.2100067138672,136.5500030517578,506984
2026-02-06 17:50:00+00:00,136.50999450683594,136.75999450683594,136.13009643554688,136.63999938964844,602844
2026-02-06 18:00:00+00:00,136.65499877929688,136.99000549316406,136.49000549316406,136.5279998779297,514721
2026-02-06 18:10:00+00:00,136.39999389648438,136.5399932861328,136.22999572753906,136.49000549316406,519403
2026-02-06 18:20:00+00:00,136.5050048828125,136.60000610351562,135.3800048828125,135.65499877929688,636189
2026-02-06 18:30:00+00:00,135.67999267578125,135.85000610351562,135.39999389648438,135.8112030029297,552588
2026-02-06 18:40:00+00:00,135.80999755859375,135.8199005126953,135.47999572753906,135.55999755859375,387995
2026-02-06 18:50:00+00:00,135.58999633789062,135.69000244140625,135.14999389648438,135.3000030517578,450735
2026-02-06 19:00:00+00:00,135.30999755859375,135.44000244140625,135.15499877929688,135.24000549316406,420406
2026-02-06 19:10:00+00:00,135.25,135.4199981689453,134.88999938964844,135.1999969482422,564103
2026-02-06 19:20:00+00:00,135.19000244140625,135.99000549316406,135.19000244140625,135.8300018310547,528159
2026-02-06 19:30:00+00:00,135.83999633789062,135.99000549316406,135.57000732421875,135.6649932861328,560832
2026-02-06 19:40:00+00:00,135.64999389648438,135.93299865722656,135.55999755859375,135.57000732421875,443985
2026-02-06 19:50:00+00:00,135.5500030517578,135.6699981689453,135.19900512695312,135.21009826660156,501430
2026-02-06 20:00:00+00:00,135.22999572753906,135.4199981689453,134.97999572753906,135.14999389648438,498979
2026-02-06 20:10:00+00:00,135.1750030517578,135.41000366210938,134.9600067138672,135.19639587402344,543131
2026-02-06 20:20:00+00:00,135.20249938964844,135.33999633789062,134.7449951171875,134.8800048828125,673786
2026-02-06 20:30:00+00:00,134.8800048828125,135.13999938964844,134.50999450683594,135.02000427246094,805687
2026-02-06 20:40:00+00:00,135.00999450683594,135.66990661621094,134.8699951171875,135.52999877929688,944946
2026-02-06 20:50:00+00:00,135.47999572753906,136.47000122070312,135.47999572753906,135.8800048828125,2146826
2026-02-09 14:30:00+00:00,136.55499267578125,139.8800048828125,134.7760009765625,139.74749755859375,4040440
2026-02-09 14:40:00+00:00,139.7436981201172,140.75999450683594,139.02000427246094,140.05999755859375,2060433
2026-02-09 14:50:00+00:00,140.05999755859375,140.14999389648438,138.73500061035156,139.1875,1405089
2026-02-09 15:00:00+00:00,139.1699981689453,141.4799041748047,139.05999755859375,141.46620178222656,1923754
2026-02-09 15:10:00+00:00,141.44000244140625,142.19000244140625,141.1999969482422,142.10960388183594,1450437
2026-02-09 15:20:00+00:00,142.1199951171875,142.24000549316406,140.27999877929688,140.38999938964844,1313348
2026-02-09 15:30:00+00:00,140.4196014404297,141.90020751953125,140.4196014404297,141.58999633789062,998921
2026-02-09 15:40:00+00:00,141.57000732421875,142.39999389648438,141.3300018310547,142.39500427246094,821298
2026-02-09 15:50:00+00:00,142.41000366210938,143.30999755859375,142.17999267578125,142.85000610351562,1143729
2026-02-09 16:00:00+00:00,142.85000610351562,143.11000061035156,142.1999969482422,142.56500244140625,931757
2026-02-09 16:10:00+00:00,142.5500030517578,143.1699981689453,142.34500122070312,142.7801055908203,781212
2026-02-09 16:20:00+00:00,142.78500366210938,143.85499572753906,142.72999572753906,143.789306640625,901871
2026-02-09 16:30:00+00:00,143.75999450683594,144.58999633789062,143.66000366210938,144.2799072265625,1292316
2026-02-09 16:40:00+00:00,144.2799072265625,144.3699951171875,143.8300018310547,144.31700134277344,876168
2026-02-09 16:50:00+00:00,144.32000732421875,145.22999572753906,144.25,144.91000366210938,1190639
2026-02-09 17:00:00+00:00,144.89999389648438,145.3000030517578,144.82000732421875,145.25,823655
2026-02-09 17:10:00+00:00,145.25999450683594,145.7899932861328,145.1699981689453,145.55999755859375,1149435
2026-02-09 17:20:00+00:00,145.5500030517578,145.8699951171875,144.7100067138672,144.8249969482422,1062365
2026-02-09 17:30:00+00:00,144.8249969482422,145.4199981689453,144.72999572753906,145.33729553222656,556490
2026-02-09 17:40:00+00:00,145.35000610351562,145.47999572753906,144.94009399414062,145.07000732421875,588328
2026-02-09 17:50:00+00:00,145.10499572753906,145.14999389648438,144.25999450683594,144.40499877929688,849360
2026-02-09 18:00:00+00:00,144.39999389648438,144.96499633789062,144.24879455566406,144.44000244140625,651676
2026-02-09 18:10:00+00:00,144.42999267578125,145.11830139160156,144.27499389648438,145.01499938964844,586764
2026-02-09 18:20:00+00:00,145.02000427246094,145.02999877929688,143.6699981689453,144.35499572753906,920416
2026-02-09 18:30:00+00:00,144.35499572753906,144.6699981689453,143.83999633789062,144.10499572753906,602346
2026-02-09 18:40:00+00:00,144.14999389648438,144.25999450683594,143.88999938964844,144.0850067138672,404701
2026-02-09 18:50:00+00:00,144.0800018310547,144.47999572753906,143.99000549316406,144.32310485839844,386897
2026-02-09 19:00:00+00:00,144.33999633789062,144.8000030517578,144.22999572753906,144.30999755859375,442580
2026-02-09 19:10:00+00:00,144.30999755859375,144.72999572753906,144.3000030517578,144.69000244140625,393374
2026-02-09 19:20:00+00:00,144.70989990234375,145.0,144.625,144.7899932861328,468490
2026-02-09 19:30:00+00:00,144.8000030517578,145.07000732421875,144.5500030517578,144.71499633789062,482282
2026-02-09 19:40:00+00:00,144.72999572753906,144.86000061035156,144.0800018310547,144.14999389648438,440143
2026-02-09 19:50:00+00:00,144.14149475097656,144.44500732421875,144.11000061035156,144.24969482421875,483903
2026-02-09 20:00:00+00:00,144.2449951171875,144.25999450683594,143.85000610351562,143.91000366210938,577416
2026-02-09 20:10:00+00:00,143.9499969482422,144.31500244140625,143.6199951171875,143.6699981689453,578527
2026-02-09 20:20:00+00:00,143.6688995361328,143.89999389648438,143.32000732421875,143.5,712135
2026-02-09 20:30:00+00:00,143.49000549316406,143.639892578125,143.25999450683594,143.5399932861328,580559
2026-02-09 20:40:00+00:00,143.52999877929688,143.75,142.88999938964844,143.03640747070312,1091341
2026-02-09 20:50:00+00:00,143.0,143.25999450683594,142.58999633789062,142.91000366210938,1696157
2026-02-10 14:30:00+00:00,144.96499633789062,145.55990600585938,143.61000061035156,144.30999755859375,3958279
2026-02-10 14:40:00+00:00,144.30999755859375,144.75999450683594,143.3520050048828,143.97000122070312,1440558
2026-02-10 14:50:00+00:00,143.9499969482422,145.0399932861328,143.9199981689453,144.0500030517578,1405181
2026-02-10 15:00:00+00:00,144.0,145.02000427246094,143.8300018310547,144.69000244140625,968905
2026-02-10 15:10:00+00:00,144.7100067138672,145.41000366210938,143.91000366210938,144.07000732421875,1096680
2026-02-10 15:20:00+00:00,144.0800018310547,144.1199951171875,143.3300018310547,143.55999755859375,921161
2026-02-10 15:30:00+00:00,143.52000427246094,144.57000732421875,143.5,143.5,811817
2026-02-10 15:40:00+00:00,143.51499938964844,143.9799041748047,143.2100067138672,143.36000061035156,770089
2026-02-10 15:50:00+00:00,143.32000732421875,143.77999877929688,142.83999633789062,143.07000732421875,973798
2026-02-10 16:00:00+00:00,143.08999633789062,143.08999633789062,142.3699951171875,142.3701934814453,921761
2026-02-10 16:10:00+00:00,142.39990234375,142.91000366210938,142.08999633789062,142.5198974609375,717126
2026-02-10 16:20:00+00:00,142.49000549316406,142.6199951171875,141.10000610351562,141.2550048828125,1216236
2026-02-10 16:30:00+00:00,141.2678985595703,141.8000030517578,140.88609313964844,141.13180541992188,1230247
2026-02-10 16:40:00+00:00,141.13409423828125,141.25,140.70159912109375,140.89219665527344,878787
2026-02-10 16:50:00+00:00,140.89999389648438,140.9799041748047,140.22000122070312,140.28500366210938,867278
2026-02-10 17:00:00+00:00,140.2949981689453,140.47000122070312,139.82000732421875,140.1300048828125,1167479
2026-02-10 17:10:00+00:00,140.14500427246094,140.9799041748047,139.8800048828125,140.9199981689453,902991
2026-02-10 17:20:00+00:00,140.9239044189453,141.07000732421875,140.61000061035156,140.80999755859375,678072
2026-02-10 17:30:00+00:00,140.82000732421875,141.03990173339844,140.69000244140625,140.7689971923828,466911
2026-02-10 17:40:00+00:00,140.8000030517578,141.61000061035156,140.72000122070312,141.0865020751953,671686
2026-02-10 17:50:00+00:00,141.10000610351562,141.2899932861328,140.94000244140625,141.2371063232422,373673
2026-02-10 18:00:00+00:00,141.23500061035156,141.33990478515625,140.72000122070312,141.07000732421875,430276
2026-02-10 18:10:00+00:00,141.0500030517578,141.10000610351562,140.35009765625,140.55999755859375,481191
2026-02-10 18:20:00+00:00,140.5500030517578,140.58999633789062,139.60000610351562,139.66000366210938,659295
2026-02-10 18:30:00+00:00,139.64999389648438,139.83169555664062,139.32000732421875,139.52000427246094,672138
2026-02-10 18:40:00+00:00,139.5500030517578,139.64999389648438,139.02000427246094,139.1649932861328,631944
2026-02-10 18:50:00+00:00,139.1699981689453,139.36000061035156,138.75,139.11000061035156,766935
2026-02-10 19:00:00+00:00,139.1300048828125,139.16000366210938,138.0800018310547,138.13999938964844,960313
2026-02-10 19:10:00+00:00,138.15499877929688,138.38999938964844,137.8800048828125,138.21499633789062,973926
2026-02-10 19:20:00+00:00,138.1999969482422,138.5399932861328,137.77000427246094,137.85940551757812,821852
2026-02-10 19:30:00+00:00,137.86000061035156,138.75999450683594,137.80999755859375,138.7100067138672,811965
2026-02-10 19:40:00+00:00,138.6999969482422,139.0,138.43499755859375,139.0,602326
2026-02-10 19:50:00+00:00,138.99000549316406,139.16799926757812,138.80999755859375,138.9199981689453,546212
2026-02-10 20:00:00+00:00,138.9250030517578,139.03990173339844,138.3800048828125,138.4409942626953,623966
2026-02-10 20:10:00+00:00,138.4499053955078,138.69000244140625,138.2899932861328,138.64999389648438,537336
2026-02-10 20:20:00+00:00,138.64999389648438,138.99000549316406,138.5500030517578,138.72500610351562,568026
2026-02-10 20:30:00+00:00,138.72000122070312,139.0399932861328,138.36500549316406,138.6699981689453,843040
2026-02-10 20:40:00+00:00,138.67999267578125,139.8000030517578,138.67999267578125,139.74000549316406,1185306
2026-02-10 20:50:00+00:00,139.74000549316406,139.9499053955078,139.14999389648438,139.49000549316406,1707689
2026-02-11 14:30:00+00:00,139.03500366210938,139.2198944091797,136.2100067138672,136.4550018310547,3558437
2026-02-11 14:40:00+00:00,136.3800048828125,137.72999572753906,136.25,137.6649932861328,1553504
2026-02-11 14:50:00+00:00,137.67999267578125,137.85000610351562,135.7176971435547,135.85000610351562,1393855
2026-02-11 15:00:00+00:00,135.8800048828125,136.19000244140625,134.66000366210938,134.77499389648438,1715963
2026-02-11 15:10:00+00:00,134.75,135.12989807128906,133.66009521484375,133.75999450683594,1763983
2026-02-11 15:20:00+00:00,133.8000030517578,134.0,132.9499969482422,133.42140197753906,2008061
2026-02-11 15:30:00+00:00,133.4600067138672,134.2100067138672,133.32000732421875,133.83999633789062,1453590
2026-02-11 15:40:00+00:00,133.851806640625,134.39999389648438,133.41000366210938,133.56500244140625,1242844
2026-02-11 15:50:00+00:00,133.5500030517578,135.1199951171875,133.4600067138672,134.64500427246094,1228967
2026-02-11 16:00:00+00:00,134.69000244140625,134.90989685058594,134.0399932861328,134.14010620117188,780096
2026-02-11 16:10:00+00:00,134.1300048828125,135.30999755859375,134.11000061035156,134.77000427246094,931315
2026-02-11 16:20:00+00:00,134.80999755859375,135.3000030517578,134.3101043701172,134.35499572753906,650977
2026-02-11 16:30:00+00:00,134.36500549316406,134.5,133.82899475097656,134.35000610351562,764718
2026-02-11 16:40:00+00:00,134.34500122070312,134.6999053955078,134.02000427246094,134.27000427246094,745209
2026-02-11 16:50:00+00:00,134.22999572753906,134.4600067138672,133.6300048828125,133.6649932861328,622772
2026-02-11 17:00:00+00:00,133.66000366210938,134.0399932861328,133.27000427246094,134.00010681152344,760045
2026-02-11 17:10:00+00:00,134.01199340820312,134.05999755859375,133.56500244140625,133.72500610351562,644725
2026-02-11 17:20:00+00:00,133.72999572753906,134.6999969482422,133.52000427246094,134.60000610351562,760093
2026-02-11 17:30:00+00:00,134.60000610351562,134.6199951171875,134.11990356445312,134.22999572753906,512835
2026-02-11 17:40:00+00:00,134.22999572753906,134.55999755859375,134.13999938964844,134.42999267578125,462836
2026-02-11 17:50:00+00:00,134.42999267578125,134.57009887695312,133.8000030517578,133.9600067138672,10300267
2026-02-11 18:00:00+00:00,133.9600067138672,134.0500030517578,133.51499938964844,133.57000732421875,252407
2026-02-11 18:10:00+00:00,133.57000732421875,133.97000122070312,133.27999877929688,133.85000610351562,616652
2026-02-11 18:20:00+00:00,133.85000610351562,134.50999450683594,133.6999969482422,134.47000122070312,497406
2026-02-11 18:30:00+00:00,134.47000122070312,134.6199951171875,133.93499755859375,134.3300018310547,649598
2026-02-11 18:40:00+00:00,134.32589721679688,134.57000732421875,133.97999572753906,134.57000732421875,467337
2026-02-11 18:50:00+00:00,134.57020568847656,134.7198944091797,133.94000244140625,134.5399932861328,531117
2026-02-11 19:00:00+00:00,134.5399932861328,134.6999969482422,134.2799072265625,134.625,499470
2026-02-11 19:10:00+00:00,134.625,135.55999755859375,134.49000549316406,135.3802947998047,615185
2026-02-11 19:20:00+00:00,135.3800048828125,136.0800018310547,135.3800048828125,135.7799072265625,870781
2026-02-11 19:30:00+00:00,135.7899932861328,135.86500549316406,135.4600067138672,135.7100067138672,510350
2026-02-11 19:40:00+00:00,135.71499633789062,135.80999755859375,135.25999450683594,135.6508026123047,495554
2026-02-11 19:50:00+00:00,135.64999389648438,135.79989624023438,135.31500244140625,135.42999267578125,557818
2026-02-11 20:00:00+00:00,135.4199981689453,135.7100067138672,135.22000122070312,135.40989685058594,616054
2026-02-11 20:10:00+00:00,135.40980529785156,135.8300018310547,135.25,135.67990112304688,592362
2026-02-11 20:20:00+00:00,135.67999267578125,135.7100067138672,134.63999938964844,134.74000549316406,614170
2026-02-11 20:30:00+00:00,134.72999572753906,135.1699981689453,134.6300048828125,135.16990661621094,653961
2026-02-11 20:40:00+00:00,135.15499877929688,135.42999267578125,135.11000061035156,135.35000610351562,694403
2026-02-11 20:50:00+00:00,135.35000610351562,135.86000061035156,135.22999572753906,135.6699981689453,1502535
2026-02-12 14:30:00+00:00,135.35000610351562,135.88999938964844,133.47999572753906,135.2899932861328,2717491
2026-02-12 14:40:00+00:00,135.26499938964844,135.86000061035156,134.02999877929688,134.12049865722656,1276588
2026-02-12 14:50:00+00:00,134.17999267578125,134.9698944091797,133.5399932861328,133.8300018310547,1011358
2026-02-12 15:00:00+00:00,133.83999633789062,134.47999572753906,133.0800018310547,133.24000549316406,1282142
2026-02-12 15:10:00+00:00,133.25999450683594,134.61000061035156,133.03500366210938,133.32989501953125,1148184
2026-02-12 15:20:00+00:00,133.32000732421875,134.1199951171875,133.0500030517578,133.25010681152344,938592
2026-02-12 15:30:00+00:00,133.25,133.47000122070312,130.8350067138672,130.8350067138672,1732244
2026-02-12 15:40:00+00:00,130.8350067138672,130.9600067138672,129.82000732421875,130.1300048828125,2085275
2026-02-12 15:50:00+00:00,130.14999389648438,130.19590759277344,128.77999877929688,128.85000610351562,1972993
2026-02-12 16:00:00+00:00,128.8300018310547,129.13999938964844,127.29000091552734,127.69499969482422,2989178
2026-02-12 16:10:00+00:00,127.7300033569336,128.1699981689453,127.19999694824219,127.6500015258789,2233043
2026-02-12 16:20:00+00:00,127.66999816894531,127.68000030517578,126.55999755859375,126.91000366210938,2007288
2026-02-12 16:30:00+00:00,126.91500091552734,128.7100067138672,126.7300033569336,128.36500549316406,1973542
2026-02-12 16:40:00+00:00,128.38479614257812,128.47439575195312,127.19999694824219,127.38999938964844,1311934
2026-02-12 16:50:00+00:00,127.38999938964844,127.45999908447266,127.02999877929688,127.35990142822266,873402
2026-02-12 17:00:00+00:00,127.33000183105469,127.5999984741211,126.8499984741211,127.57499694824219,955710
2026-02-12 17:10:00+00:00,127.59500122070312,127.66000366210938,126.61000061035156,126.72000122070312,948239
2026-02-12 17:20:00+00:00,126.69550323486328,128.1699981689453,126.69000244140625,127.61000061035156,1108714
2026-02-12 17:30:00+00:00,127.58000183105469,128.3000030517578,127.22000122070312,128.0,903983
2026-02-12 17:40:00+00:00,127.95999908447266,128.125,127.3499984741211,127.62870025634766,882100
2026-02-12 17:50:00+00:00,127.63999938964844,127.97000122070312,127.2699966430664,127.38999938964844,658288
2026-02-12 18:00:00+00:00,127.37010192871094,128.3300018310547,127.16000366210938,128.07000732421875,822163
2026-02-12 18:10:00+00:00,128.07000732421875,128.33999633789062,127.87010192871094,128.07009887695312,571539
2026-02-12 18:20:00+00:00,128.0850067138672,128.6699981689453,128.07009887695312,128.5800018310547,795470
2026-02-12 18:30:00+00:00,128.5500030517578,128.89999389648438,128.13999938964844,128.83009338378906,651247
2026-02-12 18:40:00+00:00,128.85000610351562,129.0800018310547,128.66000366210938,128.74000549316406,667285
2026-02-12 18:50:00+00:00,128.72000122070312,129.20779418945312,128.57000732421875,128.872802734375,705084
2026-02-12 19:00:00+00:00,128.8800048828125,129.16000366210938,128.6199951171875,129.00999450683594,649444
2026-02-12 19:10:00+00:00,129.00999450683594,129.10000610351562,128.36000061035156,128.91929626464844,639588
2026-02-12 19:20:00+00:00,128.9199981689453,129.17999267578125,128.5998992919922,128.6999969482422,568495
2026-02-12 19:30:00+00:00,128.6699981689453,129.72000122070312,128.6699981689453,129.68499755859375,737609
2026-02-12 19:40:00+00:00,129.67999267578125,130.0699005126953,129.5500030517578,129.97999572753906,798405
2026-02-12 19:50:00+00:00,129.97000122070312,130.16000366210938,129.2899932861328,129.52999877929688,720898
2026-02-12 20:00:00+00:00,129.52999877929688,129.8699951171875,128.9600067138672,129.02999877929688,731534
2026-02-12 20:10:00+00:00,129.0399932861328,129.3699951171875,128.79010009765625,129.02499389648438,710984
2026-02-12 20:20:00+00:00,129.02000427246094,129.10000610351562,128.6300048828125,128.7100067138672,1153681
2026-02-12 20:30:00+00:00,128.7100067138672,129.35000610351562,128.5301055908203,129.1199951171875,861385
2026-02-12 20:40:00+00:00,129.11000061035156,129.36990356445312,129.02000427246094,129.22000122070312,929417
2026-02-12 20:50:00+00:00,129.2100067138672,129.85000610351562,128.78500366210938,129.10000610351562,2505433
2026-02-13 14:30:00+00:00,127.98999786376953,129.73899841308594,126.23249816894531,127.53140258789062,3727148
2026-02-13 14:40:00+00:00,127.53500366210938,131.4499969482422,126.62000274658203,130.78500366210938,2802566
2026-02-13 14:50:00+00:00,130.8000030517578,131.0399932861328,129.42999267578125,129.96009826660156,1490776
2026-02-13 15:00:00+00:00,129.97000122070312,131.50999450683594,129.8699951171875,130.86500549316406,1315967
2026-02-13 15:10:00+00:00,130.88499450683594,131.1999969482422,130.17999267578125,130.72999572753906,961644
2026-02-13 15:20:00+00:00,130.64999389648438,132.16000366210938,130.61000061035156,131.72999572753906,1231234
2026-02-13 15:30:00+00:00,131.6999969482422,132.27000427246094,130.6999969482422,130.72000122070312,1051148
2026-02-13 15:40:00+00:00,130.6999969482422,130.77999877929688,129.0,129.19000244140625,1258961
2026-02-13 15:50:00+00:00,129.2100067138672,130.66110229492188,129.13999938964844,130.5050048828125,969233
2026-02-13 16:00:00+00:00,130.50999450683594,131.1490936279297,130.5,130.90499877929688,667914
2026-02-13 16:10:00+00:00,130.9340057373047,131.0399932861328,130.19000244140625,130.3903045654297,618912
2026-02-13 16:20:00+00:00,130.4199981689453,130.69000244140625,129.63009643554688,130.47500610351562,677919
2026-02-13 16:30:00+00:00,130.4499969482422,131.61000061035156,130.17999267578125,131.52000427246094,626127
2026-02-13 16:40:00+00:00,131.50999450683594,131.9499969482422,131.1999969482422,131.6300048828125,623159
2026-02-13 16:50:00+00:00,131.6136016845703,132.0500030517578,131.50999450683594,131.60350036621094,495983
2026-02-13 17:00:00+00:00,131.58999633789062,132.24000549316406,131.44000244140625,131.9199981689453,611446
2026-02-13 17:10:00+00:00,131.9149932861328,132.61000061035156,131.8699951171875,132.3800048828125,591680
2026-02-13 17:20:00+00:00,132.41000366210938,133.22999572753906,132.36000061035156,133.00010681152344,7664565
2026-02-13 17:30:00+00:00,133.02000427246094,133.55999755859375,132.91160583496094,133.27000427246094,657235
2026-02-13 17:40:00+00:00,133.27000427246094,133.32000732421875,132.6199951171875,132.91000366210938,547757
2026-02-13 17:50:00+00:00,132.8699951171875,132.881103515625,132.5200958251953,132.61500549316406,513728
2026-02-13 18:00:00+00:00,132.63999938964844,132.82000732421875,132.1999969482422,132.40499877929688,671467
2026-02-13 18:10:00+00:00,132.4250030517578,132.89999389648438,132.3800048828125,132.5850067138672,500746
2026-02-13 18:20:00+00:00,132.58990478515625,133.13999938964844,132.32000732421875,132.5800018310547,575950
2026-02-13 18:30:00+00:00,132.57000732421875,133.28990173339844,132.4199981689453,133.08999633789062,491382
2026-02-13 18:40:00+00:00,133.0749969482422,133.14999389648438,132.5,132.59500122070312,407921
2026-02-13 18:50:00+00:00,132.61000061035156,132.68910217285156,132.35000610351562,132.5,418992
2026-02-13 19:00:00+00:00,132.47999572753906,132.63999938964844,132.11000061035156,132.55999755859375,421217
2026-02-13 19:10:00+00:00,132.5500030517578,132.69000244140625,132.2100067138672,132.5800018310547,370129
2026-02-13 19:20:00+00:00,132.5800018310547,132.8800048828125,131.94000244140625,132.0850067138672,450898
2026-02-13 19:30:00+00:00,132.1300048828125,132.58999633789062,132.02999877929688,132.1999969482422,490735
2026-02-13 19:40:00+00:00,132.2100067138672,132.427001953125,131.9600067138672,132.23500061035156,427482
2026-02-13 19:50:00+00:00,132.25999450683594,132.26499938964844,131.4600067138672,131.57000732421875,459594
2026-02-13 20:00:00+00:00,131.58999633789062,131.9199981689453,131.51010131835938,131.9199981689453,451909
2026-02-13 20:10:00+00:00,131.9199981689453,132.0,131.22999572753906,131.7082061767578,648307
2026-02-13 20:20:00+00:00,131.66000366210938,131.69000244140625,130.5,130.9250030517578,687652
2026-02-13 20:30:00+00:00,130.91000366210938,131.25990295410156,130.5399932861328,130.75,773610
2026-02-13 20:40:00+00:00,130.6999969482422,131.36279296875,130.52499389648438,131.2100067138672,782851
2026-02-13 20:50:00+00:00,131.19000244140625,131.52000427246094,130.97999572753906,131.42999267578125,1679852
